Date,Content,Video title,Video publish time,Duration,Views
2026-07-31,KBr9Y0ljCXQ,K-pop in Public @katseyeworld 🍒🍉#hootiefrutti #katseye #katseye_hootiefrutti #fypシ゚viral,"Aug 18, 2026",27,0
2026-08-01,KBr9Y0ljCXQ,K-pop in Public @katseyeworld 🍒🍉#hootiefrutti #katseye #katseye_hootiefrutti #fypシ゚viral,"Aug 18, 2026",27,0
2026-08-02,KBr9Y0ljCXQ,K-pop in Public @katseyeworld 🍒🍉#hootiefrutti #katseye #katseye_hootiefrutti #fypシ゚viral,"Aug 18, 2026",27,0
2026-08-03,KBr9Y0ljCXQ,K-pop in Public @katseyeworld 🍒🍉#hootiefrutti #katseye #katseye_hootiefrutti #fypシ゚viral,"Aug 18, 2026",27,0
2026-08-04,KBr9Y0ljCXQ,K-pop in Public @katseyeworld 🍒🍉#hootiefrutti #katseye #katseye_hootiefrutti #fypシ゚viral,"Aug 18, 2026",27,0
2026-08-05,KBr9Y0ljCXQ,K-pop in Public @katseyeworld 🍒🍉#hootiefrutti #katseye #katseye_hootiefrutti #fypシ゚viral,"Aug 18, 2026",27,0
2026-08-06,KBr9Y0ljCXQ,K-pop in Public @katseyeworld 🍒🍉#hootiefrutti #katseye #katseye_hootiefrutti #fypシ゚viral,"Aug 18, 2026",27,0
2026-08-07,KBr9Y0ljCXQ,K-pop in Public @katseyeworld 🍒🍉#hootiefrutti #katseye #katseye_hootiefrutti #fypシ゚viral,"Aug 18, 2026",27,0
2026-08-08,KBr9Y0ljCXQ,K-pop in Public @katseyeworld 🍒🍉#hootiefrutti #katseye #katseye_hootiefrutti #fypシ゚viral,"Aug 18, 2026",27,0
2026-08-09,KBr9Y0ljCXQ,K-pop in Public @katseyeworld 🍒🍉#hootiefrutti #katseye #katseye_hootiefrutti #fypシ゚viral,"Aug 18, 2026",27,0
2026-08-10,KBr9Y0ljCXQ,K-pop in Public @katseyeworld 🍒🍉#hootiefrutti #katseye #katseye_hootiefrutti #fypシ゚viral,"Aug 18, 2026",27,0
2026-08-11,KBr9Y0ljCXQ,K-pop in Public @katseyeworld 🍒🍉#hootiefrutti #katseye #katseye_hootiefrutti #fypシ゚viral,"Aug 18, 2026",27,0
2026-08-12,KBr9Y0ljCXQ,K-pop in Public @katseyeworld 🍒🍉#hootiefrutti #katseye #katseye_hootiefrutti #fypシ゚viral,"Aug 18, 2026",27,0
2026-08-13,KBr9Y0ljCXQ,K-pop in Public @katseyeworld 🍒🍉#hootiefrutti #katseye #katseye_hootiefrutti #fypシ゚viral,"Aug 18, 2026",27,0
2026-08-14,KBr9Y0ljCXQ,K-pop in Public @katseyeworld 🍒🍉#hootiefrutti #katseye #katseye_hootiefrutti #fypシ゚viral,"Aug 18, 2026",27,0
2026-08-15,KBr9Y0ljCXQ,K-pop in Public @katseyeworld 🍒🍉#hootiefrutti #katseye #katseye_hootiefrutti #fypシ゚viral,"Aug 18, 2026",27,0
2026-08-16,KBr9Y0ljCXQ,K-pop in Public @katseyeworld 🍒🍉#hootiefrutti #katseye #katseye_hootiefrutti #fypシ゚viral,"Aug 18, 2026",27,0
2026-08-17,KBr9Y0ljCXQ,K-pop in Public @katseyeworld 🍒🍉#hootiefrutti #katseye #katseye_hootiefrutti #fypシ゚viral,"Aug 18, 2026",27,7
2026-08-18,KBr9Y0ljCXQ,K-pop in Public @katseyeworld 🍒🍉#hootiefrutti #katseye #katseye_hootiefrutti #fypシ゚viral,"Aug 18, 2026",27,21365
2026-08-19,KBr9Y0ljCXQ,K-pop in Public @katseyeworld 🍒🍉#hootiefrutti #katseye #katseye_hootiefrutti #fypシ゚viral,"Aug 18, 2026",27,1533
2026-08-20,KBr9Y0ljCXQ,K-pop in Public @katseyeworld 🍒🍉#hootiefrutti #katseye #katseye_hootiefrutti #fypシ゚viral,"Aug 18, 2026",27,1572
2026-08-21,KBr9Y0ljCXQ,K-pop in Public @katseyeworld 🍒🍉#hootiefrutti #katseye #katseye_hootiefrutti #fypシ゚viral,"Aug 18, 2026",27,1019
2026-08-22,KBr9Y0ljCXQ,K-pop in Public @katseyeworld 🍒🍉#hootiefrutti #katseye #katseye_hootiefrutti #fypシ゚viral,"Aug 18, 2026",27,1452
2026-08-23,KBr9Y0ljCXQ,K-pop in Public @katseyeworld 🍒🍉#hootiefrutti #katseye #katseye_hootiefrutti #fypシ゚viral,"Aug 18, 2026",27,1280
2026-08-24,KBr9Y0ljCXQ,K-pop in Public @katseyeworld 🍒🍉#hootiefrutti #katseye #katseye_hootiefrutti #fypシ゚viral,"Aug 18, 2026",27,608
2026-08-25,KBr9Y0ljCXQ,K-pop in Public @katseyeworld 🍒🍉#hootiefrutti #katseye #katseye_hootiefrutti #fypシ゚viral,"Aug 18, 2026",27,140
2026-08-26,KBr9Y0ljCXQ,K-pop in Public @katseyeworld 🍒🍉#hootiefrutti #katseye #katseye_hootiefrutti #fypシ゚viral,"Aug 18, 2026",27,150
2026-08-27,KBr9Y0ljCXQ,K-pop in Public @katseyeworld 🍒🍉#hootiefrutti #katseye #katseye_hootiefrutti #fypシ゚viral,"Aug 18, 2026",27,149
2026-07-31,M1G92FWmdJw,KATSEYE (캣츠아이) 'Hootie Frutti' Official Dance Cover #katseye #katseye_hootiefrutti #kpop #fypシ゚viral,"Aug 14, 2026",19,0
2026-08-01,M1G92FWmdJw,KATSEYE (캣츠아이) 'Hootie Frutti' Official Dance Cover #katseye #katseye_hootiefrutti #kpop #fypシ゚viral,"Aug 14, 2026",19,0
2026-08-02,M1G92FWmdJw,KATSEYE (캣츠아이) 'Hootie Frutti' Official Dance Cover #katseye #katseye_hootiefrutti #kpop #fypシ゚viral,"Aug 14, 2026",19,0
2026-08-03,M1G92FWmdJw,KATSEYE (캣츠아이) 'Hootie Frutti' Official Dance Cover #katseye #katseye_hootiefrutti #kpop #fypシ゚viral,"Aug 14, 2026",19,0
2026-08-04,M1G92FWmdJw,KATSEYE (캣츠아이) 'Hootie Frutti' Official Dance Cover #katseye #katseye_hootiefrutti #kpop #fypシ゚viral,"Aug 14, 2026",19,0
2026-08-05,M1G92FWmdJw,KATSEYE (캣츠아이) 'Hootie Frutti' Official Dance Cover #katseye #katseye_hootiefrutti #kpop #fypシ゚viral,"Aug 14, 2026",19,0
2026-08-06,M1G92FWmdJw,KATSEYE (캣츠아이) 'Hootie Frutti' Official Dance Cover #katseye #katseye_hootiefrutti #kpop #fypシ゚viral,"Aug 14, 2026",19,0
2026-08-07,M1G92FWmdJw,KATSEYE (캣츠아이) 'Hootie Frutti' Official Dance Cover #katseye #katseye_hootiefrutti #kpop #fypシ゚viral,"Aug 14, 2026",19,0
2026-08-08,M1G92FWmdJw,KATSEYE (캣츠아이) 'Hootie Frutti' Official Dance Cover #katseye #katseye_hootiefrutti #kpop #fypシ゚viral,"Aug 14, 2026",19,0
2026-08-09,M1G92FWmdJw,KATSEYE (캣츠아이) 'Hootie Frutti' Official Dance Cover #katseye #katseye_hootiefrutti #kpop #fypシ゚viral,"Aug 14, 2026",19,0
2026-08-10,M1G92FWmdJw,KATSEYE (캣츠아이) 'Hootie Frutti' Official Dance Cover #katseye #katseye_hootiefrutti #kpop #fypシ゚viral,"Aug 14, 2026",19,0
2026-08-11,M1G92FWmdJw,KATSEYE (캣츠아이) 'Hootie Frutti' Official Dance Cover #katseye #katseye_hootiefrutti #kpop #fypシ゚viral,"Aug 14, 2026",19,0
2026-08-12,M1G92FWmdJw,KATSEYE (캣츠아이) 'Hootie Frutti' Official Dance Cover #katseye #katseye_hootiefrutti #kpop #fypシ゚viral,"Aug 14, 2026",19,0
2026-08-13,M1G92FWmdJw,KATSEYE (캣츠아이) 'Hootie Frutti' Official Dance Cover #katseye #katseye_hootiefrutti #kpop #fypシ゚viral,"Aug 14, 2026",19,0
2026-08-14,M1G92FWmdJw,KATSEYE (캣츠아이) 'Hootie Frutti' Official Dance Cover #katseye #katseye_hootiefrutti #kpop #fypシ゚viral,"Aug 14, 2026",19,122973
2026-08-15,M1G92FWmdJw,KATSEYE (캣츠아이) 'Hootie Frutti' Official Dance Cover #katseye #katseye_hootiefrutti #kpop #fypシ゚viral,"Aug 14, 2026",19,126678
2026-08-16,M1G92FWmdJw,KATSEYE (캣츠아이) 'Hootie Frutti' Official Dance Cover #katseye #katseye_hootiefrutti #kpop #fypシ゚viral,"Aug 14, 2026",19,49261
2026-08-17,M1G92FWmdJw,KATSEYE (캣츠아이) 'Hootie Frutti' Official Dance Cover #katseye #katseye_hootiefrutti #kpop #fypシ゚viral,"Aug 14, 2026",19,32464
2026-08-18,M1G92FWmdJw,KATSEYE (캣츠아이) 'Hootie Frutti' Official Dance Cover #katseye #katseye_hootiefrutti #kpop #fypシ゚viral,"Aug 14, 2026",19,39156
2026-08-19,M1G92FWmdJw,KATSEYE (캣츠아이) 'Hootie Frutti' Official Dance Cover #katseye #katseye_hootiefrutti #kpop #fypシ゚viral,"Aug 14, 2026",19,31033
2026-08-20,M1G92FWmdJw,KATSEYE (캣츠아이) 'Hootie Frutti' Official Dance Cover #katseye #katseye_hootiefrutti #kpop #fypシ゚viral,"Aug 14, 2026",19,26608
2026-08-21,M1G92FWmdJw,KATSEYE (캣츠아이) 'Hootie Frutti' Official Dance Cover #katseye #katseye_hootiefrutti #kpop #fypシ゚viral,"Aug 14, 2026",19,22653
2026-08-22,M1G92FWmdJw,KATSEYE (캣츠아이) 'Hootie Frutti' Official Dance Cover #katseye #katseye_hootiefrutti #kpop #fypシ゚viral,"Aug 14, 2026",19,10777
2026-08-23,M1G92FWmdJw,KATSEYE (캣츠아이) 'Hootie Frutti' Official Dance Cover #katseye #katseye_hootiefrutti #kpop #fypシ゚viral,"Aug 14, 2026",19,4952
2026-08-24,M1G92FWmdJw,KATSEYE (캣츠아이) 'Hootie Frutti' Official Dance Cover #katseye #katseye_hootiefrutti #kpop #fypシ゚viral,"Aug 14, 2026",19,4050
2026-08-25,M1G92FWmdJw,KATSEYE (캣츠아이) 'Hootie Frutti' Official Dance Cover #katseye #katseye_hootiefrutti #kpop #fypシ゚viral,"Aug 14, 2026",19,2281
2026-08-26,M1G92FWmdJw,KATSEYE (캣츠아이) 'Hootie Frutti' Official Dance Cover #katseye #katseye_hootiefrutti #kpop #fypシ゚viral,"Aug 14, 2026",19,1720
2026-08-27,M1G92FWmdJw,KATSEYE (캣츠아이) 'Hootie Frutti' Official Dance Cover #katseye #katseye_hootiefrutti #kpop #fypシ゚viral,"Aug 14, 2026",19,1720
2026-07-31,Otu-5CrcWHo,KATSEYE (캣츠아이) 'Hootie Frutti' Dance Challenge #katseye #eyekons #shorts #ayodesci #kpop #fypシ゚viral,"Aug 21, 2026",16,0
2026-08-01,Otu-5CrcWHo,KATSEYE (캣츠아이) 'Hootie Frutti' Dance Challenge #katseye #eyekons #shorts #ayodesci #kpop #fypシ゚viral,"Aug 21, 2026",16,0
2026-08-02,Otu-5CrcWHo,KATSEYE (캣츠아이) 'Hootie Frutti' Dance Challenge #katseye #eyekons #shorts #ayodesci #kpop #fypシ゚viral,"Aug 21, 2026",16,0
2026-08-03,Otu-5CrcWHo,KATSEYE (캣츠아이) 'Hootie Frutti' Dance Challenge #katseye #eyekons #shorts #ayodesci #kpop #fypシ゚viral,"Aug 21, 2026",16,0
2026-08-04,Otu-5CrcWHo,KATSEYE (캣츠아이) 'Hootie Frutti' Dance Challenge #katseye #eyekons #shorts #ayodesci #kpop #fypシ゚viral,"Aug 21, 2026",16,0
2026-08-05,Otu-5CrcWHo,KATSEYE (캣츠아이) 'Hootie Frutti' Dance Challenge #katseye #eyekons #shorts #ayodesci #kpop #fypシ゚viral,"Aug 21, 2026",16,0
2026-08-06,Otu-5CrcWHo,KATSEYE (캣츠아이) 'Hootie Frutti' Dance Challenge #katseye #eyekons #shorts #ayodesci #kpop #fypシ゚viral,"Aug 21, 2026",16,0
2026-08-07,Otu-5CrcWHo,KATSEYE (캣츠아이) 'Hootie Frutti' Dance Challenge #katseye #eyekons #shorts #ayodesci #kpop #fypシ゚viral,"Aug 21, 2026",16,0
2026-08-08,Otu-5CrcWHo,KATSEYE (캣츠아이) 'Hootie Frutti' Dance Challenge #katseye #eyekons #shorts #ayodesci #kpop #fypシ゚viral,"Aug 21, 2026",16,0
2026-08-09,Otu-5CrcWHo,KATSEYE (캣츠아이) 'Hootie Frutti' Dance Challenge #katseye #eyekons #shorts #ayodesci #kpop #fypシ゚viral,"Aug 21, 2026",16,0
2026-08-10,Otu-5CrcWHo,KATSEYE (캣츠아이) 'Hootie Frutti' Dance Challenge #katseye #eyekons #shorts #ayodesci #kpop #fypシ゚viral,"Aug 21, 2026",16,0
2026-08-11,Otu-5CrcWHo,KATSEYE (캣츠아이) 'Hootie Frutti' Dance Challenge #katseye #eyekons #shorts #ayodesci #kpop #fypシ゚viral,"Aug 21, 2026",16,0
2026-08-12,Otu-5CrcWHo,KATSEYE (캣츠아이) 'Hootie Frutti' Dance Challenge #katseye #eyekons #shorts #ayodesci #kpop #fypシ゚viral,"Aug 21, 2026",16,0
2026-08-13,Otu-5CrcWHo,KATSEYE (캣츠아이) 'Hootie Frutti' Dance Challenge #katseye #eyekons #shorts #ayodesci #kpop #fypシ゚viral,"Aug 21, 2026",16,0
2026-08-14,Otu-5CrcWHo,KATSEYE (캣츠아이) 'Hootie Frutti' Dance Challenge #katseye #eyekons #shorts #ayodesci #kpop #fypシ゚viral,"Aug 21, 2026",16,0
2026-08-15,Otu-5CrcWHo,KATSEYE (캣츠아이) 'Hootie Frutti' Dance Challenge #katseye #eyekons #shorts #ayodesci #kpop #fypシ゚viral,"Aug 21, 2026",16,0
2026-08-16,Otu-5CrcWHo,KATSEYE (캣츠아이) 'Hootie Frutti' Dance Challenge #katseye #eyekons #shorts #ayodesci #kpop #fypシ゚viral,"Aug 21, 2026",16,0
2026-08-17,Otu-5CrcWHo,KATSEYE (캣츠아이) 'Hootie Frutti' Dance Challenge #katseye #eyekons #shorts #ayodesci #kpop #fypシ゚viral,"Aug 21, 2026",16,0
2026-08-18,Otu-5CrcWHo,KATSEYE (캣츠아이) 'Hootie Frutti' Dance Challenge #katseye #eyekons #shorts #ayodesci #kpop #fypシ゚viral,"Aug 21, 2026",16,0
2026-08-19,Otu-5CrcWHo,KATSEYE (캣츠아이) 'Hootie Frutti' Dance Challenge #katseye #eyekons #shorts #ayodesci #kpop #fypシ゚viral,"Aug 21, 2026",16,0
2026-08-20,Otu-5CrcWHo,KATSEYE (캣츠아이) 'Hootie Frutti' Dance Challenge #katseye #eyekons #shorts #ayodesci #kpop #fypシ゚viral,"Aug 21, 2026",16,0
2026-08-21,Otu-5CrcWHo,KATSEYE (캣츠아이) 'Hootie Frutti' Dance Challenge #katseye #eyekons #shorts #ayodesci #kpop #fypシ゚viral,"Aug 21, 2026",16,35612
2026-08-22,Otu-5CrcWHo,KATSEYE (캣츠아이) 'Hootie Frutti' Dance Challenge #katseye #eyekons #shorts #ayodesci #kpop #fypシ゚viral,"Aug 21, 2026",16,60869
2026-08-23,Otu-5CrcWHo,KATSEYE (캣츠아이) 'Hootie Frutti' Dance Challenge #katseye #eyekons #shorts #ayodesci #kpop #fypシ゚viral,"Aug 21, 2026",16,9625
2026-08-24,Otu-5CrcWHo,KATSEYE (캣츠아이) 'Hootie Frutti' Dance Challenge #katseye #eyekons #shorts #ayodesci #kpop #fypシ゚viral,"Aug 21, 2026",16,9366
2026-08-25,Otu-5CrcWHo,KATSEYE (캣츠아이) 'Hootie Frutti' Dance Challenge #katseye #eyekons #shorts #ayodesci #kpop #fypシ゚viral,"Aug 21, 2026",16,15216
2026-08-26,Otu-5CrcWHo,KATSEYE (캣츠아이) 'Hootie Frutti' Dance Challenge #katseye #eyekons #shorts #ayodesci #kpop #fypシ゚viral,"Aug 21, 2026",16,10088
2026-08-27,Otu-5CrcWHo,KATSEYE (캣츠아이) 'Hootie Frutti' Dance Challenge #katseye #eyekons #shorts #ayodesci #kpop #fypシ゚viral,"Aug 21, 2026",16,5399
2026-07-31,jQJqh-zTZQA,‘Pink Blush’ Original Dance for@PrincessDollyBabe 💘 #pinkblush #princessdollybabe #trending #fypシ゚,"Aug 11, 2026",16,0
2026-08-01,jQJqh-zTZQA,‘Pink Blush’ Original Dance for@PrincessDollyBabe 💘 #pinkblush #princessdollybabe #trending #fypシ゚,"Aug 11, 2026",16,0
2026-08-02,jQJqh-zTZQA,‘Pink Blush’ Original Dance for@PrincessDollyBabe 💘 #pinkblush #princessdollybabe #trending #fypシ゚,"Aug 11, 2026",16,0
2026-08-03,jQJqh-zTZQA,‘Pink Blush’ Original Dance for@PrincessDollyBabe 💘 #pinkblush #princessdollybabe #trending #fypシ゚,"Aug 11, 2026",16,0
2026-08-04,jQJqh-zTZQA,‘Pink Blush’ Original Dance for@PrincessDollyBabe 💘 #pinkblush #princessdollybabe #trending #fypシ゚,"Aug 11, 2026",16,0
2026-08-05,jQJqh-zTZQA,‘Pink Blush’ Original Dance for@PrincessDollyBabe 💘 #pinkblush #princessdollybabe #trending #fypシ゚,"Aug 11, 2026",16,0
2026-08-06,jQJqh-zTZQA,‘Pink Blush’ Original Dance for@PrincessDollyBabe 💘 #pinkblush #princessdollybabe #trending #fypシ゚,"Aug 11, 2026",16,0
2026-08-07,jQJqh-zTZQA,‘Pink Blush’ Original Dance for@PrincessDollyBabe 💘 #pinkblush #princessdollybabe #trending #fypシ゚,"Aug 11, 2026",16,0
2026-08-08,jQJqh-zTZQA,‘Pink Blush’ Original Dance for@PrincessDollyBabe 💘 #pinkblush #princessdollybabe #trending #fypシ゚,"Aug 11, 2026",16,0
2026-08-09,jQJqh-zTZQA,‘Pink Blush’ Original Dance for@PrincessDollyBabe 💘 #pinkblush #princessdollybabe #trending #fypシ゚,"Aug 11, 2026",16,0
2026-08-10,jQJqh-zTZQA,‘Pink Blush’ Original Dance for@PrincessDollyBabe 💘 #pinkblush #princessdollybabe #trending #fypシ゚,"Aug 11, 2026",16,0
2026-08-11,jQJqh-zTZQA,‘Pink Blush’ Original Dance for@PrincessDollyBabe 💘 #pinkblush #princessdollybabe #trending #fypシ゚,"Aug 11, 2026",16,3930
2026-08-12,jQJqh-zTZQA,‘Pink Blush’ Original Dance for@PrincessDollyBabe 💘 #pinkblush #princessdollybabe #trending #fypシ゚,"Aug 11, 2026",16,8124
2026-08-13,jQJqh-zTZQA,‘Pink Blush’ Original Dance for@PrincessDollyBabe 💘 #pinkblush #princessdollybabe #trending #fypシ゚,"Aug 11, 2026",16,5469
2026-08-14,jQJqh-zTZQA,‘Pink Blush’ Original Dance for@PrincessDollyBabe 💘 #pinkblush #princessdollybabe #trending #fypシ゚,"Aug 11, 2026",16,5757
2026-08-15,jQJqh-zTZQA,‘Pink Blush’ Original Dance for@PrincessDollyBabe 💘 #pinkblush #princessdollybabe #trending #fypシ゚,"Aug 11, 2026",16,6314
2026-08-16,jQJqh-zTZQA,‘Pink Blush’ Original Dance for@PrincessDollyBabe 💘 #pinkblush #princessdollybabe #trending #fypシ゚,"Aug 11, 2026",16,4935
2026-08-17,jQJqh-zTZQA,‘Pink Blush’ Original Dance for@PrincessDollyBabe 💘 #pinkblush #princessdollybabe #trending #fypシ゚,"Aug 11, 2026",16,4527
2026-08-18,jQJqh-zTZQA,‘Pink Blush’ Original Dance for@PrincessDollyBabe 💘 #pinkblush #princessdollybabe #trending #fypシ゚,"Aug 11, 2026",16,3583
2026-08-19,jQJqh-zTZQA,‘Pink Blush’ Original Dance for@PrincessDollyBabe 💘 #pinkblush #princessdollybabe #trending #fypシ゚,"Aug 11, 2026",16,3631
2026-08-20,jQJqh-zTZQA,‘Pink Blush’ Original Dance for@PrincessDollyBabe 💘 #pinkblush #princessdollybabe #trending #fypシ゚,"Aug 11, 2026",16,3513
2026-08-21,jQJqh-zTZQA,‘Pink Blush’ Original Dance for@PrincessDollyBabe 💘 #pinkblush #princessdollybabe #trending #fypシ゚,"Aug 11, 2026",16,4421
2026-08-22,jQJqh-zTZQA,‘Pink Blush’ Original Dance for@PrincessDollyBabe 💘 #pinkblush #princessdollybabe #trending #fypシ゚,"Aug 11, 2026",16,4769
2026-08-23,jQJqh-zTZQA,‘Pink Blush’ Original Dance for@PrincessDollyBabe 💘 #pinkblush #princessdollybabe #trending #fypシ゚,"Aug 11, 2026",16,3390
2026-08-24,jQJqh-zTZQA,‘Pink Blush’ Original Dance for@PrincessDollyBabe 💘 #pinkblush #princessdollybabe #trending #fypシ゚,"Aug 11, 2026",16,4439
2026-08-25,jQJqh-zTZQA,‘Pink Blush’ Original Dance for@PrincessDollyBabe 💘 #pinkblush #princessdollybabe #trending #fypシ゚,"Aug 11, 2026",16,7311
2026-08-26,jQJqh-zTZQA,‘Pink Blush’ Original Dance for@PrincessDollyBabe 💘 #pinkblush #princessdollybabe #trending #fypシ゚,"Aug 11, 2026",16,7616
2026-08-27,jQJqh-zTZQA,‘Pink Blush’ Original Dance for@PrincessDollyBabe 💘 #pinkblush #princessdollybabe #trending #fypシ゚,"Aug 11, 2026",16,8003
2026-07-31,wJph6fDaJuk,@katseyeworld ‘Hootie Frutti’(캣츠아이) Dance Practice #캣츠아이 #hootiefrutti #katseye #ayodesci #fypviralシ,"Aug 17, 2026",28,0
2026-08-01,wJph6fDaJuk,@katseyeworld ‘Hootie Frutti’(캣츠아이) Dance Practice #캣츠아이 #hootiefrutti #katseye #ayodesci #fypviralシ,"Aug 17, 2026",28,0
2026-08-02,wJph6fDaJuk,@katseyeworld ‘Hootie Frutti’(캣츠아이) Dance Practice #캣츠아이 #hootiefrutti #katseye #ayodesci #fypviralシ,"Aug 17, 2026",28,0
2026-08-03,wJph6fDaJuk,@katseyeworld ‘Hootie Frutti’(캣츠아이) Dance Practice #캣츠아이 #hootiefrutti #katseye #ayodesci #fypviralシ,"Aug 17, 2026",28,0
2026-08-04,wJph6fDaJuk,@katseyeworld ‘Hootie Frutti’(캣츠아이) Dance Practice #캣츠아이 #hootiefrutti #katseye #ayodesci #fypviralシ,"Aug 17, 2026",28,0
2026-08-05,wJph6fDaJuk,@katseyeworld ‘Hootie Frutti’(캣츠아이) Dance Practice #캣츠아이 #hootiefrutti #katseye #ayodesci #fypviralシ,"Aug 17, 2026",28,0
2026-08-06,wJph6fDaJuk,@katseyeworld ‘Hootie Frutti’(캣츠아이) Dance Practice #캣츠아이 #hootiefrutti #katseye #ayodesci #fypviralシ,"Aug 17, 2026",28,0
2026-08-07,wJph6fDaJuk,@katseyeworld ‘Hootie Frutti’(캣츠아이) Dance Practice #캣츠아이 #hootiefrutti #katseye #ayodesci #fypviralシ,"Aug 17, 2026",28,0
2026-08-08,wJph6fDaJuk,@katseyeworld ‘Hootie Frutti’(캣츠아이) Dance Practice #캣츠아이 #hootiefrutti #katseye #ayodesci #fypviralシ,"Aug 17, 2026",28,0
2026-08-09,wJph6fDaJuk,@katseyeworld ‘Hootie Frutti’(캣츠아이) Dance Practice #캣츠아이 #hootiefrutti #katseye #ayodesci #fypviralシ,"Aug 17, 2026",28,0
2026-08-10,wJph6fDaJuk,@katseyeworld ‘Hootie Frutti’(캣츠아이) Dance Practice #캣츠아이 #hootiefrutti #katseye #ayodesci #fypviralシ,"Aug 17, 2026",28,0
2026-08-11,wJph6fDaJuk,@katseyeworld ‘Hootie Frutti’(캣츠아이) Dance Practice #캣츠아이 #hootiefrutti #katseye #ayodesci #fypviralシ,"Aug 17, 2026",28,0
2026-08-12,wJph6fDaJuk,@katseyeworld ‘Hootie Frutti’(캣츠아이) Dance Practice #캣츠아이 #hootiefrutti #katseye #ayodesci #fypviralシ,"Aug 17, 2026",28,0
2026-08-13,wJph6fDaJuk,@katseyeworld ‘Hootie Frutti’(캣츠아이) Dance Practice #캣츠아이 #hootiefrutti #katseye #ayodesci #fypviralシ,"Aug 17, 2026",28,0
2026-08-14,wJph6fDaJuk,@katseyeworld ‘Hootie Frutti’(캣츠아이) Dance Practice #캣츠아이 #hootiefrutti #katseye #ayodesci #fypviralシ,"Aug 17, 2026",28,0
2026-08-15,wJph6fDaJuk,@katseyeworld ‘Hootie Frutti’(캣츠아이) Dance Practice #캣츠아이 #hootiefrutti #katseye #ayodesci #fypviralシ,"Aug 17, 2026",28,0
2026-08-16,wJph6fDaJuk,@katseyeworld ‘Hootie Frutti’(캣츠아이) Dance Practice #캣츠아이 #hootiefrutti #katseye #ayodesci #fypviralシ,"Aug 17, 2026",28,0
2026-08-17,wJph6fDaJuk,@katseyeworld ‘Hootie Frutti’(캣츠아이) Dance Practice #캣츠아이 #hootiefrutti #katseye #ayodesci #fypviralシ,"Aug 17, 2026",28,25512
2026-08-18,wJph6fDaJuk,@katseyeworld ‘Hootie Frutti’(캣츠아이) Dance Practice #캣츠아이 #hootiefrutti #katseye #ayodesci #fypviralシ,"Aug 17, 2026",28,29940
2026-08-19,wJph6fDaJuk,@katseyeworld ‘Hootie Frutti’(캣츠아이) Dance Practice #캣츠아이 #hootiefrutti #katseye #ayodesci #fypviralシ,"Aug 17, 2026",28,15065
2026-08-20,wJph6fDaJuk,@katseyeworld ‘Hootie Frutti’(캣츠아이) Dance Practice #캣츠아이 #hootiefrutti #katseye #ayodesci #fypviralシ,"Aug 17, 2026",28,6196
2026-08-21,wJph6fDaJuk,@katseyeworld ‘Hootie Frutti’(캣츠아이) Dance Practice #캣츠아이 #hootiefrutti #katseye #ayodesci #fypviralシ,"Aug 17, 2026",28,2585
2026-08-22,wJph6fDaJuk,@katseyeworld ‘Hootie Frutti’(캣츠아이) Dance Practice #캣츠아이 #hootiefrutti #katseye #ayodesci #fypviralシ,"Aug 17, 2026",28,5702
2026-08-23,wJph6fDaJuk,@katseyeworld ‘Hootie Frutti’(캣츠아이) Dance Practice #캣츠아이 #hootiefrutti #katseye #ayodesci #fypviralシ,"Aug 17, 2026",28,7291
2026-08-24,wJph6fDaJuk,@katseyeworld ‘Hootie Frutti’(캣츠아이) Dance Practice #캣츠아이 #hootiefrutti #katseye #ayodesci #fypviralシ,"Aug 17, 2026",28,4204
2026-08-25,wJph6fDaJuk,@katseyeworld ‘Hootie Frutti’(캣츠아이) Dance Practice #캣츠아이 #hootiefrutti #katseye #ayodesci #fypviralシ,"Aug 17, 2026",28,4339
2026-08-26,wJph6fDaJuk,@katseyeworld ‘Hootie Frutti’(캣츠아이) Dance Practice #캣츠아이 #hootiefrutti #katseye #ayodesci #fypviralシ,"Aug 17, 2026",28,4880
2026-08-27,wJph6fDaJuk,@katseyeworld ‘Hootie Frutti’(캣츠아이) Dance Practice #캣츠아이 #hootiefrutti #katseye #ayodesci #fypviralシ,"Aug 17, 2026",28,3874
