Content,Video title,Video publish time,Duration,Thumbnail impressions,Thumbnail click-through rate (%),Views,Average view duration,Watch time (hours)
Total,,,,2732704,5.78,1211975,0:00:15,3227.095
M1G92FWmdJw,KATSEYE (캣츠아이) 'Hootie Frutti' Official Dance Cover #katseye #katseye_hootiefrutti #kpop #fypシ゚viral,"Aug 14, 2026",19,1390823,6.23,476326,0:00:14,1272.06
Otu-5CrcWHo,KATSEYE (캣츠아이) 'Hootie Frutti' Dance Challenge #katseye #eyekons #shorts #ayodesci #kpop #fypシ゚viral,"Aug 21, 2026",16,432852,5.87,146175,0:00:13,355.4984
wJph6fDaJuk,@katseyeworld ‘Hootie Frutti’(캣츠아이) Dance Practice #캣츠아이 #hootiefrutti #katseye #ayodesci #fypviralシ,"Aug 17, 2026",28,240167,5.78,109588,0:00:16,369.5183
jQJqh-zTZQA,‘Pink Blush’ Original Dance for@PrincessDollyBabe 💘 #pinkblush #princessdollybabe #trending #fypシ゚,"Aug 11, 2026",16,169067,7.1,89732,0:00:13,196.5451
KBr9Y0ljCXQ,K-pop in Public @katseyeworld 🍒🍉#hootiefrutti #katseye #katseye_hootiefrutti #fypシ゚viral,"Aug 18, 2026",27,35262,3.39,29275,0:00:19,106.4151
fAiPRcwv2FM,KATSEYE 'Hootie Frutti' Official Dance (K-Pop in Public Airport Edition!) ✈️ @katseyeworld #eyekons,"Aug 14, 2026",16,52488,1.63,20710,0:00:16,51.0916
TOwnshDLyE4,HIT 'EM WHERE IT HURTS 🥊💋@MEOVV_OFFICIAL  #fypシ゚viral #shorts #kpop #dance #tiktok #foryou,"Jul 25, 2026",16,8634,6.36,18176,0:00:16,45.7081
Qnd81duBOWs,now ‘LEMON TANG’ #fyp #ayodesci #fypviralシ #trendingshorts #youtubeshorts,"Aug 5, 2026",16,4026,4.77,15642,0:00:15,39.0936
8kGmSFkvYNg,KATSEYE 'Gnarly' GRAMMY Dance Break Cover 🏆🔥 #ayodesci #katseye #gnarlykatseye,"Aug 9, 2026",16,26455,2.76,14898,0:00:13,34.3069
FNwedjt2qxE,'Iconic By Mistake' @katseyeworld @ILLIT_official @LESSERAFIM_official #shorts #trending,"Aug 19, 2026",23,22274,4.66,14401,0:00:18,39.2961
RY7faXxu30M,I remade my KATSEYE 'Hootie Frutti' dance & hit it 10x harder 🌸✨ #fypシ゚viral #katseye #eyekons #fyp,"Aug 12, 2026",21,30923,8.37,14211,0:00:17,42.1399
kovzJu_e40Y,KATSEYE - ‘Gabriella’ Dance Challenge Cover #katseye #fypviralシ  #shorts,"Aug 2, 2026",16,3794,3.08,12700,0:00:14,29.6045
3Vvm0pSGZe4,‘Hootie Frutti’ x ‘RED RED’ Does the Mashup Work 🤯👂🏻#cortis #katseye #fypviralシ #trending #kpop,"Aug 19, 2026",31,2625,4.42,11293,0:00:16,35.7873
1FPNeSh391Q,Kpop in Public ​⁠ ‘Lemon Tang’ @hearts2hearts.official Rate my Dance 🫰🍋,"Aug 20, 2026",15,13127,1.44,10333,0:00:14,22.8693
EIABt-hqB98,I couldn't wait for KATSEYE's 'Hootie Frutti' so I made my own dance 🥥✨ #fypシ゚viral #katseye #wild,"Aug 12, 2026",16,11225,9.21,10127,0:00:17,29.0164
Y_kAIYT08AM,Wait...this ‘Pinky Up’ CupcakKe remix is actually taking over TikTok 💀🔥 #illit #cupcakke #trending,"Aug 20, 2026",14,25197,6.61,9767,0:00:14,23.1058
cwrkhuGlPhw,FREAKED OUT #trending #fypviralジ #shorts,"Jul 29, 2026",12,1492,3.82,9669,0:00:17,21.7585
BV678YonplY,Original Choreo for 'Hootie Frutti' by KATSEYE! 🍉✨#katseye #trending #ayodesci #kpop,"Aug 13, 2026",16,8643,8.67,9382,0:00:14,23.2587
Cae36HBimvk,KATSET WHEN??? #kpop #katseye #girlset #fypシ゚viral #kpopviral,"Jul 27, 2026",16,1968,4.83,8873,0:00:12,17.8595
TYxj0h2bXQA,don’t you feel like an 'Animal' 😭💀 @katseyeworld #katseye #ayodesci #katseye #fypシ゚viral,"Aug 5, 2026",31,2417,4.8,8862,0:00:19,32.5381
eCX5g1G9rOo,YOU WANTED MORE GNARLY? #katseye #dance #shorts,"Aug 1, 2026",33,8100,2.35,7026,0:00:15,19.3854
W9pFqPiPyfo,don’t forget KATSEYE is SIX 🙈💖 FREE MANON #ayodesci #trending #dancecover #shorts #fypシ゚viral,"Aug 25, 2026",23,1037,16.39,6780,0:00:17,21.2676
jjacfuqRNYw,Does the 'Hootie Frutti' choreo fit the leaked KATSEYE 'Juice' demo better?! 😳🔥#ayodesci #ayosden,"Aug 17, 2026",27,5263,4.22,6084,0:00:15,17.6654
cI-5KgzkQRU,JUST SAY IM YOUR FAV 🤭 ILLIT 'ITS ME' Choreo ✨ #trending #youtubeshorts #illit #ayodesci #kpop,"Aug 6, 2026",29,6253,3.61,5853,0:00:18,19.7355
xpnKCc1QMms,Trying KATSEYE “Hootie Frutti” Dance In Public 🙈✨#dancecover #shorts #trending #ayodesci,"Aug 26, 2026",30,12013,2.74,5717,0:00:16,18.5459
Nkcob--PgG0,‘ITS ME’ ILLIT DANCE@ILLIT_official #ayodesci #youtubeshorts #fypviralviral #trending #illit #shorts,"Aug 6, 2026",26,3207,3.74,5673,0:00:16,16.4837
EnOGp7nGe6M,LOVE SO GOOD HOW COULD THIS BE FREE?! ❤️‍🔥 #fypシ゚ #katseye #animal #trending #viral,"Aug 1, 2026",35,3261,3.28,5509,0:00:17,18.7508
P6_SGGEjdh4,A Crossover you never expected 🤯#fypシ゚viral #illit @OfficialCupcakKe @ILLIT_official @katseyeworld,"Aug 14, 2026",14,3929,4.28,5433,0:00:13,11.9843
X-pQT2s0FTs,iconic by mistake dani dance,"Jul 15, 2026",21,905,2.76,5320,0:00:13,9.2031
l4wku0d1xuU,KATSEYE 'Touch’ (캣츠아이) K-POP IN PUBLIC Dance 🍓#캣츠아이 #katseye_touch #dancecover #dance #ayodesci,"Aug 24, 2026",23,29790,0.65,5187,0:00:14,11.6642
2mwAnf-LpKg,i ate this Gabriela choreo until the last 3 seconds...🫣#katseye #kpop #katseye #trending #concert,"Aug 5, 2026",30,2403,2.33,5081,0:00:17,14.1876
y-M7rb4ADOY,KATSEYE ‘ANIMAL’ Dance Cover! (Subscriber Requested) 🐾🔥 #shorts #katseye @katseyeworld,"Jul 29, 2026",31,1775,1.52,4904,0:00:13,10.0886
wAtOUwGFPpE,like a bag of takis 🥰 #ayodesci #trending #katseye,"Aug 11, 2026",14,2713,4.09,4861,0:00:13,10.9532
llfRTswwpkg,Hootie Frutti 🍒🍓 #trending #dancecover #reels #tiktokdance #fypシ #ayodesci,"Aug 27, 2026",19,2120,8.73,4347,0:00:17,12.3138
qXDeWbEdTJY,KATSEYE 'Gnarly' (Extended Version) Dance Break #ayodesci #katseye #eyekons,"Aug 17, 2026",16,4751,5.94,4290,0:00:11,7.4633
wQjxs33l2B0,‘Milkshake’ @katseyeworld x @Gap  ‘Better in Denim’ Dance Challenge #ayodesci #fypシ゚viral #katseye,"Aug 19, 2026",19,2646,5.44,4160,0:00:12,10.0253
ozBKqWCcNok,Skipped class to hit the KATSEYE Gap dance and ran into another EYEKON✨🤫#shorts #trending #dance,"Aug 19, 2026",13,2422,3.34,4121,0:00:11,7.0603
bSP8RC035gQ,KATSEYE Gap Ad 1-Year Anniversary!  🥹👖 @Gap X @katseyeworld  #shorts #trending #katseye #ayodesci,"Aug 21, 2026",18,3611,4.38,3894,0:00:13,8.2759
QTHKop3PrqY,KATSEYE - ANIMAL Choreography Cover 🐾✨ #katseye #manon #shorts,"Aug 4, 2026",31,1226,7.91,3413,0:00:18,12.0458
7H9n0-YyPv8,Saint Satine 'We Ride' Dance Cover 🚗💨 #ayodesci #saintsatine  #weride,"Aug 8, 2026",16,3639,4.04,3366,0:00:15,7.269
j9AEvz_y_ds,AESPA 'SWITCHBLADE' AYODESCI VIRAL DANCE 🗡️✨ #ayodesci #aespa #switchblade,"Aug 2, 2026",16,2684,5.33,3277,0:00:14,6.5719
jvSsXgktrfs,"""I wanna put you in my life..."" 💫 Wizkid x Drake ""Come Closer""  #shorts #wizkid #drake #fypシ゚viral","Jul 22, 2026",14,6209,9.65,3266,0:00:15,8.3553
W1m4nty5eYA,‘Hootie Frutti’ @katseyeworld Dance Practice Tutorial #ayodesci #katseye_hootiefrutti #eyekons,"Aug 16, 2026",100,6740,8.56,2996,0:00:33,20.7399
D5on1mSycMw,MOTION CORTIS DANCE CHALLENGE #에픽하이 #타블로  #cortis  #코르티스  #cortis_motion,"Aug 5, 2026",20,11713,5.42,2710,0:00:14,7.9061
8JHnjD3UfwE,I’ll make you ‘Lemonade’ ​⁠🍋💦@aespa  #ayodesci #dance #kpop #æspa,"Aug 3, 2026",14,3591,1.67,2469,0:00:09,4.2503
WYCHs2gB4R4,⁠ 'CHAT' GIRLSET K-pop in Public (Wait for the 🦋 at 0:22) @GIRLSET #girlset #chat #girlgroupkpop,"Aug 13, 2026",30,10467,1.34,2444,0:00:17,6.3332
ZioNc-eEAXA,KATSEYE World Dance Roulette 🔪🎡 #eyekons #dance #trending #dancecover #shorts  @katseyeworld,"Aug 26, 2026",60,2243,3.43,2436,0:00:23,9.4579
wYUBYAW_9cc,Bad Thing Bunny Hop - Ariana Grande 'Petal' Tiktok Dance Cover🐰✨#trendingshorts #dance #fypシ゚viral,"Aug 7, 2026",16,10246,3.84,2383,0:00:10,3.5833
9uYgwcxuJpA,the new @aespa 'Switchblade' MV is out and you KNOW I had to hit this 😮‍💨#aespa #trending #shorts,"Aug 4, 2026",16,6722,2.65,2343,0:00:11,3.4256
rgKMv66SNP4,My pretty go when I'm in the chat 🗣️✨ GIRLSET Dance #short #kpopdance #dancecover #fypシ゚viral,"Jul 24, 2026",16,519,0.58,2160,0:00:11,3.6577
8en_R1NxCME,‘ANIMAL’ Choreography by Katseye 💋❤️‍🔥 #katseye #kpop #shorts,"Jul 30, 2026",34,1408,1.85,2120,0:00:20,7.3029
DnvfeeLEkgE,KATSEYE ‘Touch’ (캣츠아이) Official Dance #캣츠아이 #katseye_touch #ayodesci #fypシ゚viral #dance,"Aug 23, 2026",23,2327,5.24,1960,0:00:12,4.2762
voRjGkj80jM,‘never get over me’ ariana grande dance #ayodesci #arianagrande,"Aug 9, 2026",21,4772,3.88,1933,0:00:10,2.4485
97o4h21JM8g,#fyp #girlset #dancetrend #shorts #fypシ゚viral #reels #tiktok #fypシ゚,"Jul 26, 2026",16,550,3.45,1911,0:00:13,4.441
9EZLPxqJb-c,WE IN THE ‘CHAT’ GIRLSET NEW DANCE 💖🗣️ #fyp #girlset #dancetrend #shorts #fypシ゚viral,"Jul 24, 2026",16,420,0.24,1840,0:00:11,3.4555
w78Bo6GmHrc,Katseye ‘Gabriella’ Dance Practice #ayodesci #trending #youtubeshorts #goviral #ytshorts #ytviral,"Aug 5, 2026",30,5294,1.38,1838,0:00:20,5.5634
HMVHN2omVQE,'REDRED' Dance Cover 💸✨ #ayodesci #cortis #ayodesci #fypシ゚viral #trending #reels #shorts #tiktokfyp,"Aug 9, 2026",23,3491,2.61,1743,0:00:11,3.3061
k80q-LZYQLI,This KATSEYE 'Animal' x Camila Cabello 'My Oh My' Mashup is CRAZY 🙀🐾 #dance #dancecover #katseye,"Aug 23, 2026",35,2357,7.17,1722,0:00:12,4.1439
mFeXbzxo9l4,@cortis_bighit it's a 'motion' party you can not get in 🤣💵 #cortis_motion #cortis #코르티스 #trending,"Aug 4, 2026",15,2571,4.55,1676,0:00:09,2.5359
0mU25gm0bYE,IS ‘ANIMAL’ THE SONG OF THE SUMMER? 💥🦍 @katseyeworld #fypviralシ #shorts #eyekons,"Jul 30, 2026",33,1343,3.43,1584,0:00:15,4.7423
FN7mfZLBkvs,this is a ‘bad thing’ (bunny hop) ayodesci dance #trending #viralshorts #tiktokdance #reels #youtube,"Aug 8, 2026",16,3065,5.19,1558,0:00:18,3.8449
GrTsRczjj2s,FLO just dropped the video so I had to hit the ‘Remedied’ choreo 🤭💊 @flolikethis,"Jul 31, 2026",16,1443,10.33,1478,0:00:15,4.129
2Opq6xiIDKs,CORTIS (코르티스) “RED RED” ❤️‍🔥🥊#ayodesci #cortis #coer #kpop,"Aug 9, 2026",16,1696,6.01,1467,0:00:11,2.4299
VQvuaI5vLpI,ITS ME VIRAL DANCE @ILLIT_official #ayodesci #youtubeshorts #fypviralシ#trending #illit #shorts #아일릿,"Aug 26, 2026",27,1697,7.9,1466,0:00:15,3.9887
aMjq0YykFZw,@TateMcRae ’Exes’ Dance Cover #exes #shorts #tatemcraeedit #trending #reels #tiktokfyp #fypシ゚viral,"Aug 8, 2026",23,1307,4.06,1417,0:00:13,2.938
VRAk757UphM,DANIELA’S FLOOR WORK IN ICONIC BY MISTAKE IS INSANE 🥵🔥 #shorts #katseye,"Jul 11, 2026",19,1669,14.08,1376,0:00:17,3.7886
zJRgjdpW7Vo,Hearts2Hearts Lemon Tang dance 🍋 #hearts2hearts #lemontang #trending #kpop #dance,"Jul 17, 2026",16,875,4.11,1233,0:00:11,2.3621
eEX6zxdrU4w,Gabriella Kpop In Public #katseye #trending #kpop #fypviralシ,"Aug 8, 2026",36,12954,0.59,1222,0:00:13,2.9686
eRkg630cuGI,ARE YOU ‘GREENGREEN’ OR ‘REDRED’ 🌶️😅 #ayodesci,"Aug 9, 2026",23,1396,3.22,1072,0:00:13,2.171
gUH8otb2BTc,CHAT! Girlset Dance Break in the Research Lab?! 🧬🔥 #ayodesci #girlset #shorts,"Jul 29, 2026",16,1617,3.09,1062,0:00:12,2.0417
rflLLT1FhOI,‘SUPERNOVA’ CAN’T STOP 💥💫 #trending #fypシ゚viral #reels #youtubeshorts #fypviral #dance,"Aug 7, 2026",16,1212,4.79,1017,0:00:11,1.8435
G_cSbpT45uk,#ayodesci #trending #fypシ #reels #fypviralシ #youtubeshorts #shortsviral #shorts,"Aug 8, 2026",16,971,1.75,996,0:00:10,1.7607
fGjvD47O6nA,"Had to redo the GIRLSET ""CHAT"" choreo... did I eat this one? 😮‍💨🔥 #shorts #girlset","Jul 25, 2026",21,487,1.23,872,0:00:13,1.8934
KvG9D70iYZs,@GIRLSET WE IN THE CHAT BABES #fypviralシ #kpop #trending #dance,"Jul 31, 2026",30,1885,5.94,824,0:00:13,1.9857
y6GJUTKZEZ8,CHAT DOES THIS DANCE GOES HARD?! 💥🫦 #girlset #chat #kpopdancer @GIRLSET,"Jul 30, 2026",29,1272,4.17,722,0:00:13,1.8056
DtXAGFNB0ho,ARE YOU ICONIC BY MISTAKE #dance #tiktokdance,"Jul 3, 2026",20,254,2.36,720,0:00:15,1.9439
ZJvWCaq2HJA,TOO EASY 😮‍💨 | Tinashe Dance #dance #ayodesci #fypシ,"Jul 28, 2026",22,1542,2.2,675,0:00:13,1.5067
nlf3sNe_8Os,How many Katseye dances do you know?  🤫🍰 #fyp #viral #justdance #katseye #trending #danceshorts,"Aug 26, 2026",41,1044,5.08,566,0:00:17,1.5946
QVI-63B39TA,MAKE ME SWEAT 💦 JYP 'WET' Dance Cover #ayodesci #jyp #wet #jypark,"Aug 1, 2026",16,1047,5.25,429,0:00:14,0.9136
l8ChNdRTbYI,Katseye ‘Pinky Up’ x Meovv ‘Hit Em’ Dance Challenge #katseye #kpop #meovv,"Aug 3, 2026",30,1024,6.15,397,0:00:16,1.1697
FibgBttC4m8,HEARTS2HEARTS LEMON TANG DANCE COVER 🍋✨#ayodesci #hearts2hearts #lemontang #kpopinpublic #dancefail,"Jul 22, 2026",16,604,0.83,347,0:00:13,0.48
i7-tig1lROY,"""Iconic by Mistake"" floor part hit different this time 💫 #shorts #fyp #dance #fypシ゚viral #katseye","Jul 27, 2026",27,664,1.36,304,0:00:17,0.7631
hJNGvJ8XvbA,Honestly are you okay? #katseye #katseyeanimal #fypシ゚,"Jul 27, 2026",24,901,1.22,297,0:00:19,0.8244
Dd6KmLuCskQ,"iconic by mistake dance - illit, katseye, le sserafim #kpop #kpopdance #katseyedance #danceshorts","Jun 20, 2026",8,265,8.68,283,0:00:11,0.3883
BVaZbZWRw18,rate my transition #fypシ゚viral #transition #shorts #reels #explore #tiktok #trending #ayodesci,"Jul 26, 2026",12,665,3.31,222,0:00:10,0.3947
_7dLXcGvVQI,this is you sign to go talk to birds #divinemessenger,"Jul 10, 2025",41,395,29.11,206,0:00:14,0.6052
C6K7AIRzZQI,THANK YOU FOR 300 SUBSCRIBERS #eyekons #willdhearts #katseye,"Jul 16, 2026",16,499,6.41,198,0:00:15,0.5156
DMXISolknuI,Iconic by Mistake Dance Fail 😹 #katseye #lesserafim #illit #shorts,"Jul 5, 2026",32,581,4.13,191,0:00:17,0.5987
WEhFCjDru04,⁠FLO - 'Don't Break Her Heart' Official MV Choreo 💔🔥 #shorts #trending #flo #dance #trendingshorts,"Jul 18, 2026",29,1136,2.2,139,0:00:22,0.5371
GLVVLCAcWyA,ICONIC BY MISTAKE DANCE FAIL #eyekons #danceshorts #iconicbymistake,"Jun 20, 2026",24,178,3.37,136,0:00:14,0.2989
bIXPkULabk0,A little bit of Oxygen and A little bit of Beach 🌝🌊 #ayodesci #shorts #shortsfypシ,"Jul 24, 2026",10,419,1.91,135,0:00:13,0.2183
S5qSKCny4do,#dance #tiktok #foryou #explore #explorepage #fyp: #reels #shorts #blowthisup #makemefamous,"Jul 26, 2026",16,525,0.38,116,0:00:09,0.1055
8b-youhiIXI,KATSEYE 'PINKY UP' Dance Tutorial #eyekons #shorts,"Jun 21, 2026",16,270,2.59,114,0:00:12,0.2428
aHYqPZQEJiY,The drop at 15s was NOT in the original choreo 😭💫 #shorts #ayodesci,"Jul 23, 2026",34,382,11.26,113,0:00:18,0.4203
7VwtaudLoOg,"You should give it a try, babe 💋#saintsatine #weride #kpopdance #dancecovershortversion","Jul 24, 2026",11,423,1.42,112,0:00:10,0.1565
QwO2LWIjPDI,JUST LET ME DRIVE GANG 😭 #dance #shorts #shortsviral,"Jul 6, 2026",9,329,2.13,107,0:00:10,0.148
qdg1CwhaoQY,do i dance a little crazy? #dance,"Jul 16, 2026",24,304,3.29,105,0:00:15,0.2419
HmXePgtY2Zw,IT'S OK I'M OK - Tate McRae (Ayo’s. ver.) 😮‍💨🔥 #dance,"Jul 16, 2026",19,181,0,89,0:00:19,0.213
uQwzLKKiDCc,how i got stranded by an uber because i told the driver to EAT ZUCCHINI #shorts #storytime,"Jul 2, 2026",2,236,0,87,0:00:03,0.0275
scstoZTNAkc,ENGRAVE IT ON MY TOMBSTONE 🪦💀 #ayodesci #shorts #youtubeshorts #trending #viral #animalkatseye,"Jul 21, 2026",32,320,0.31,86,0:00:19,0.2341
Sky_s0lF-5o,Does the 'Lemon Tang' choreo actually work with ANY song? 😳🔥 #shorts #ayodesci,"Jul 19, 2026",16,326,5.52,80,0:00:19,0.2297
FUKdhhlJws0,iconic by mistake dance cover #dance #tiktokdance #lesserafim #katseye,"Jul 1, 2026",21,352,0.28,74,0:00:15,0.1239
YHy4fERLkaU,Did I eat the ‘WE RIDE’ World Scout Saint Satine Choreography #fypシ゚viral #ayodesci,"Jul 23, 2026",15,419,0.48,73,0:00:10,0.0851
jf6ehK_emns,Midnight til the sunrise ☀️ #ayodesci #trending #saintsatine,"Jul 21, 2026",16,345,2.03,63,0:00:11,0.0929
TQl3VEzSGN4,day 1 of teaching bae the iconic by mistake challenge 😭 #shorts,"Jul 9, 2026",18,195,4.62,63,0:00:15,0.1614
wx0HDNekggI,FLO'S CHOREO IS NOT FOR THE WEAK 😮‍💨🔥 (Remedied Dance Cover) #shorts #flolikethis #flo,"Jul 12, 2026",18,181,2.21,55,0:00:09,0.1016
rzqf1aT3xIo,KATSEYE Daniela - ‘ICONIC BY MISTAKE’ Dance Cover ❤️‍🔥 #katseye #illit #lesserafim,"Jul 17, 2026",40,286,1.05,52,0:00:19,0.1421
upekz2gZc64,iconic by mistake end choreo challenge #dance #katseye #illit #bts #lesserafim #kpop,"Jul 2, 2026",25,280,1.43,51,0:00:09,0.0895
o_5LEEcF-ao,US AGAINST THE WORLD SHAKIN 🍑🙂‍↕️ #katseye #wildhearts,"Jul 16, 2026",24,192,1.04,50,0:00:22,0.1507
Tt27oUtx3oE,I AM ICONIC BUY ME STEAK 🥵 #kpop #dance #shorts,"Jul 14, 2026",20,233,1.29,50,0:00:11,0.0793
CHyZfNyditM,CORTIS (코르티스) 'REDRED' Dance Practice (Ayo's ver.) #dance #cortisredred #kpopdance,"Jul 14, 2026",21,709,0.28,50,0:00:15,0.1182
IzEZHZG9vXw,I'm a bad ass bitch what you looking at? #tiktokdance #shorts,"Jun 28, 2026",17,245,0.82,50,0:00:09,0.0841
Lk5DghVEYDo,REDRED CORTIS ❤️‍🔥🥵 #dance #cortis,"Jul 10, 2026",21,403,0.5,49,0:00:12,0.0934
GxYRQqG3CSo,BUT YOU BEEN SO OUT OF TOUCH (JERSEY CLUB REMIX) 😮‍💨🔥 #shorts #katseye #dance #ayodesci #trending,"Jul 18, 2026",16,239,5.44,48,0:00:16,0.1006
uDr1B71Ec8I,Your gonna feel this everyday 🤭 #ayodesci #mantra,"Jul 22, 2026",15,316,0,45,0:00:31,0.0851
yi-LqrIZgXI,SAINT SATINE - 'WE RIDE' Dance Cover #ayodesci #saintsatine,"Jul 19, 2026",16,250,1.6,45,0:00:20,0.1007
CmU6WByzlM8,EVERYTHING IS GNARLY #ayodesci #katseye #trending,"Jul 20, 2026",25,254,0,45,0:00:19,0.0954
qDgTiG83tg4,LE SSERAFIM ‘ICONIC BY MISTAKE’ DANCE CHALLENGE ( i finally conquered the last part ) #dance  #kpop,"Jul 17, 2026",21,215,1.4,43,0:00:22,0.0937
Qf9-NEqNJrE,IF YOU CAN READ MY LIPS AT THE END ILL CASHAPP YOU $1💸🤫 #youtubeshorts #shortsfeed #viral #ytshort,"Jul 17, 2026",6,185,2.16,43,0:00:22,0.0599
CHrsTfO3-Fk,SHE DID IT AGAIN 🐬💦 #zaralarsson #tyla #apop,"Jul 12, 2026",16,203,0,42,0:00:10,0.0537
S5e3UKNl9EY,LET ME DRIVE FUNK 🥵🤬 #viral #shorts,"Jul 7, 2026",9,179,1.12,42,0:00:07,0.0434
19cE9mdKHTk,SPEND DAT - Yung Miami (Ayo’s. ver.) 🤑🔥 #tiktokdance #spenddat #shorts,"Jul 14, 2026",16,300,3.67,41,0:00:11,0.0793
ChcRlexoTvE,I-I-I-I I AM ICONIC BY Mistake #shorts,"Jul 5, 2026",33,198,1.52,41,0:00:20,0.1107
gW7Ahy5prOU,THIS THAT PRETTY GIRL MANTRA 💋💖 #jennie #ayodesci #dance,"Jul 21, 2026",16,318,1.26,41,0:00:11,0.0378
51lNZg_UZ7I,ROUND 2 OF 'TOO EASY' DANCE CHALLENGE #tinashe #dance #ayodesci,"Jul 20, 2026",19,327,0.61,38,0:00:07,0.0324
hC1H9ZEIjsk,do i make it look too easy? #ayodesci,"Jul 21, 2026",16,295,0.68,36,0:00:14,0.0322
hFYbczwZvsw,BUT IT’S A STATE OF MIND ‘PINK UP’ DANCE #ayodesci #katseye #trending,"Jul 20, 2026",26,225,0.44,34,0:00:29,0.1089
5OuokMaaZjY,EVERYTHING IS ICONIC BY MISTAKE #katseye #gnarly #kpop,"Jul 12, 2026",23,153,7.19,30,0:00:14,0.0816
IZI_ECQAjGM,I FINALLY CONQUERED THE END CHOREO! 😏 (Iconic by Mistake) #dance #shorts #tiktokdances #shortsdance,"Jul 4, 2026",33,175,1.14,30,0:00:10,0.053
_vnCNHqKbq4,I hit that 'Too Easy' choreo... but should I go FULL OUT for Part 2? 🔥 #shorts #tinashe #ayodesci,"Jul 20, 2026",16,278,0.72,29,0:00:08,0.0238
vJzfGPkugSg,I DONT WANT HIM ANYWAY GIRL TAKE HIM 💅🔥 #shorts #ayodesci #tatemcrae #itsokimok #trending #dance,"Jul 18, 2026",44,254,0.79,27,0:00:11,0.0401
62v18nMIk4o,if pinky up and iconic by mistake had a child 🤣 #katseye #dance #danceshorts #ayosden #ayodesci,"Jul 7, 2026",18,168,0.6,27,0:00:16,0.0468
omUGC9__K8E,Which pair actually looked the best? 🤔#shorts #ayodesci #shopwithme #trending,"Jul 19, 2026",52,234,0.85,27,0:00:33,0.0871
YbRFcNAbl5s,IF WE GET ARRESTED HAHA #dance #youtubeshorts #shortsfeed #goviral #ytshorts #ayodesci #ytviral,"Jul 18, 2026",24,195,0.51,26,0:00:14,0.0448
aVw77cIT1mo,SPEND DAT - Yung Miami (Alternate Choreo) 💅🏾,"Jul 15, 2026",16,188,0,26,0:00:11,0.0381
lwtamwMdMu8,ARE YOU ICONIC BY MISTAKE??!! #katseye #illit #ayodesci,"Jul 21, 2026",61,252,0.4,24,0:00:21,0.0418
Oh1kFBQb8tU,POV: it’s 4 am and i wanna shake sum 🤣🍑 #dance #danceshorts #fyp,"Jul 14, 2026",45,137,0.73,23,0:00:25,0.0865
AaVvlNWtWC0,Sped up Tate choreo EATS 🔥 #tatemcrae #shorts #dancevideo,"Jul 15, 2026",16,164,6.1,23,0:00:10,0.0391
g2oR0Aw9dt4,The floor choreo almost took me out trying to levitate like Daniela... 🚶‍♂️💨 #dancefails #shorts,"Jul 19, 2026",39,201,0.5,23,0:00:19,0.0592
jtjeQz54vRc,ITS OK IM OK #tiktokdance #tatemcrae,"Jul 12, 2026",11,150,1.33,22,0:00:09,0.0335
ANYpiNT-yco,Iconic by Mistake Dance Break Fail 😏  #dance #dancetok,"Jul 6, 2026",33,144,1.39,22,0:00:20,0.0566
3cL_q_h_4fY,ILLIT ICONIC BY MISTAKE DANCE VERSION #illit #fyp #kpop,"Jul 13, 2026",16,180,0.56,22,0:00:08,0.0328
yDBUaYLmKhY,sometimes you just gotta pinky up #katseye #danceshorts #pinkyup #eyekons,"Jun 21, 2026",19,138,0.72,21,0:00:08,0.0267
9SuYGQdYv0M,‘U DA CAKE’ Che Mario - Dance Challenge #ayodesci #shortsfeed #ytshorts #ytshortsvideo #ytviral #yt,"Jul 19, 2026",11,198,1.01,20,0:00:12,0.0183
E9Kb_TilGXY,Pinky Up TikTok Dance 🪩💖 #shorts #katseye #tiktokdance,"Jul 8, 2026",15,152,1.32,18,0:00:10,0.0181
F7bf8lFnKqU,guys the wind almost took me out #shorts #dance,"Jul 7, 2026",19,145,1.38,18,0:00:09,0.0283
0IR8ZIgqOLY,On Your Mind #tiktokdance,"Jul 8, 2026",31,118,1.69,18,0:00:19,0.0492
ab9niic074I,If 'Pinky Up' & 'Gnarly' Had a Baby💅Katseye GRAMMY Dance Break #ayodesci #katseye #wildhearts #kpop,,14,148,2.7,16,0:00:32,0.0492
gU_wBWxA5BI,"They said iconic by mistake, but I told them to PINKY UP #dance #katseye #duet","Jun 22, 2026",14,116,0,15,0:00:09,0.0118
x2IZSQKWDXI,hootie frutti,,23,63,6.35,15,0:00:53,0.0754
CLYMe10Cops,is there something ON YOUR MIND? 🤨 #dance #fkatwigs #dancer,"Jul 7, 2026",30,132,0.76,14,0:00:18,0.0248
vlR1hIGU1yA,NOT HE PUSHED ME OUT THE WAY #shorts #mlm #leakit,"Jul 6, 2026",18,146,0,13,0:00:12,0.0229
JF8XdVHGDjg,sunrise,,16,258,1.55,11,0:00:17,0.0211
IN4ddh80a84,your digital footprint is looking SO insane 🤯 #katseye #tiktokdance #dance #shorts,"Jul 7, 2026",32,143,2.1,11,0:00:12,0.0254
D8aFlrlQqo8,#iconicbymistake #dancefail,"Jul 8, 2026",20,130,0.77,9,0:00:06,0.006
aH0b-EScIJs,GO! GO! GO! GO! #fifa #fifa2026,"Jul 11, 2026",16,145,0,8,0:00:07,0.0076
ds9hSI8iBLo,14 de agosto de 2026,,19,81,2.47,7,0:00:20,0.0232
mtHKtrtMHZk,RED RED OR GO!? #cortis #cortisredred #cortisgo #dance #shorts,"Jul 9, 2026",11,160,0,7,0:00:04,0.0044
jHdXERUQ04U,1am brain dumps hit different 😵‍💫 rate the face card tho #shorts,"Jul 9, 2026",16,143,0,7,0:00:04,0.0042
 --ZFiEcsp3A,i drive at a faster pace #fypシ゚viral #trendingshorts #youtubeshorts #ytshorts #shortsviral #cortis,,20,309,0.97,6,0:00:20,0.0232
pMmnTHve-hg,'Hootie Frutti' On Your Tounge 🙀💋 #ayodesci #katseye,,16,50,2,6,0:00:46,0.0258
eyaA5Z4XYeM,‘CHAT’ @GIRLSET Tiktok Dance Tutorial #girlset #girlset_chat #fypviralシviral,,125,120,0.83,5,0:03:44,0.1246
n2NuR9nZ0EY,18 de agosto de 2026,,16,43,4.65,4,0:00:06,0.0051
SQFB08FJlNU,ICONIC BY MISTAKE (Ayo’s. ver.) 🚨 wait till I go full out.. #dance #katseye #illit #kpop,"Jul 14, 2026",20,139,0.72,4,0:00:19,0.0071
8Pc6eI_lcq4,Attempting KATSEYE’s ANIMAL Dance 🐾🔥 #katseye #shorts #dance,,34,53,1.89,4,0:01:11,0.0205
fBEkWp3clxA,5 de agosto de 2026,,27,92,2.17,3,0:00:06,0.0044
AnJM_AyCqkg,KATSEYE In Public,,37,11,9.09,2,0:00:17,0.0098
n3kP5ESz5Ig,Keep ya secret safe with me,,28,244,0.41,2,0:00:20,0.006
K--0YgqRWcc,22 de agosto de 2026,,19,33,0,2,,0.0011
tvBi-FmoNh4,‘CHAT’ @GIRLSET Dance Practice #girlset #ayodesci #trendingdance #trending #shorts,,38,53,3.77,2,0:00:11,0.0063
rK-wAnKoz0M,18 de agosto de 2026,,38,56,1.79,2,0:00:13,0.0074
QjEMyCFR2Ao,if you needed a sign to reset your energy… this is it #affirmations #fyp,"Jul 9, 2025",35,0,,1,,0.0001
Dpgq_SQjT_s,How The BWMHI Got Written Into the State Budget in Under 2 Years #blackinstem,"Jun 22, 2025",55,3,33.33,1,0:00:06,0.0018
KOTz987l8fg,Momento destacado de transmisión en vivo,,55,67,1.49,1,0:00:43,0.012
UKuZw9A3cx0,22 de agosto de 2026,,16,30,3.33,1,0:00:04,0.0012
ShSWie0fGng,26 de julio de 2026,,34,31,3.23,1,0:00:05,0.0014
DlnxuxiK_zQ,if this video found you get ready for better days #newmusicmondays,"Sep 1, 2025",41,1,0,,,
HNMedZDxMMY,How to Get Involved with the Black Women’s Mental Health Institute | Dr. Nadia Johnson #SIS25,"Jun 23, 2025",65,3,0,,,
cD3NjhMW918,Back To School Unpopular Opinions,"Aug 20, 2025",16,1,0,,,
l0aYGLcSiyE,What Black Women Face at Predominantly White Institutions | Mental Health & Academia #blackinstem,"Jun 22, 2025",58,1,0,,,
gS67ZBCBv8w,‘Hootie Frutti’ On Your Tounge #ayodesci,,19,50,0,,,
-8Zux7hrR7w,3 Affirmations for Momentum #ascensiontools #backtoschool2025,"Aug 21, 2025",33,1,0,,,
